{
  "AUG": 1, 
  "UGG": 1,
  "UAU": 0.5,"UAC": 0.5,
    "CAU": 0.5,"CAC": 0.5,
    "CAA": 0.5,"CAG": 0.5,
    "AAU": 0.5,"AAC": 0.5,
    "AAA": 0.5,"AAG": 0.5,
    "GAU": 0.5,"GAC": 0.5,
    "GAA": 0.5,"GAG": 0.5,
    "UGU": 0.5,"UGC": 0.5,
    "UUU": 0.5,"UUC": 0.5,
    
   
    "AUU": 0.333,"AUC": 0.333,"AUA": 0.333,
  "GUU": 0.25,"GUC": 0.25,"GUA": 0.25,"GUG": 0.25,
  "CCU": 0.25,"CCC": 0.25,"CCA": 0.25,"CCG": 0.25,
  "ACU": 0.25,"ACC": 0.25,"ACA": 0.25,"ACG": 0.25,
  "GCU": 0.25,"GCC": 0.25,"GCA": 0.25,"GCG": 0.25,
  "GGU": 0.25,"GGC": 0.25,"GGA": 0.25,"GGG": 0.25,
  "UUA": 0.16667,"UUG": 0.16667,"CUU": 0.16667,"CUC": 0.16667,"CUA": 0.16667,"CUG": 0.16667,
  "CGU": 0.16667,"CGC": 0.16667,"CGA": 0.16667,"CGG": 0.16667,"AGA": 0.16667,"AGG": 0.16667,
  "AGU": 0.16667,"AGC": 0.16667,"UCU": 0.16667,"UCC": 0.16667,"UCA": 0.16667,"UCG": 0.16667,

  "UAA": 0.33333,"UAG": 0.33333,"UGA": 0.33333

    
    
  }
  